记录类型,来源,团队规划映射,二级部门,三级部门,需求对接人,岗位名称,需求数量,职级职等,所属序列,base地（标准化）,是否需要出差及频率（标准化）,期望到岗月份,招聘优先级,候选人上级,招聘承接人,状态,岗位JD（标准化）,必备经验/技能（标准化）,外招必要性/该岗核心解决问题（标准化）,试用期核心任务（标准化）,目标公司（标准化）,岗位吸引点（优化版）,为什么这个岗位押这个方向：产品竞争力 / 架构理念 / 技术路线 / 市场财务成功（新增）,团队内该方向岗已有几人+计划设置几人（标准化）,简历筛选人员,一轮面试官,二轮面试官,三轮面试官（若需要）,原始完整性判断,原始合理性判断,原始岗位吸引点判断,主要问题与优化建议
现有需求优化,原始 CSV 第 3 行,S1 本体平台与运动 / NPI 产品导入,硬件研发部,NPI产品导入部,聂博文,高级硬件工程师-SoC,1,P4-1,硬件开发序列,"1. 合肥。
2. 苏州。
3. 深圳。",1. 若base地不在合肥，需每月出差2次，每次1周。,6,2,刘志刚,待补充,待补充,"职责：
1. 负责机器人高算力主板与硬件系统方案设计，覆盖 SoC、传感器、驱动、电源等关键器件选型。
2. 完成原理图设计并指导高速接口 Layout 设计与检查，覆盖 MIPI、USB、PCIe、SDIO 等关键链路。
3. 输出 BOM、测试治具需求和生产导入资料，支撑样机到小批试产的硬件落地。
4. 主导板级调试、白盒测试和 EMC/稳定性问题定位，支撑认证与量产问题闭环。
任职要求：
1. 具备 5 年以上复杂硬件开发经验，有机器人、智能硬件或高算力终端主板经验。
2. 熟悉 RK、海思、MTK、地瓜等 SoC 平台及其外围电路设计要点。
3. 具备高速接口设计、EMC/可靠性设计和多轮样机调试经验。
加分项：
1. 有完整量产导入经验者优先。
2. 有摄像头、音频、显示等复杂外设协同调试经验者优先。","1. 熟悉高算力 SoC 主板设计和外围关键器件选型。
2. 熟悉 MIPI、USB、PCIe、SDIO 等高速接口设计与 Layout 检查。
3. 能独立推进板级调试、白盒测试和可靠性问题闭环。","外招必要性：
1. 中。
核心解决问题：
1. 尽快完成本体高算力主板方案收敛，降低样机反复返板风险。
2. 建立主板硬件设计、测试和生产导入的一体化闭环。","1. 完成主板硬件框架设计和关键物料选型，冻结首版原理图方案。
2. 完成 SoC 主板及周边高速接口电路设计并通过 Layout Review。
3. 完成首轮样机调试，输出问题清单和下一轮优化方案。","1. 追觅。
2. 石头科技。
3. 科沃斯。
4. 云迹。","1. 可直接参与定义家庭机器人高算力主板的总体方案。
2. 可以完整经历从架构选型、样机验证到试产导入的全链路硬件闭环。
3. 角色贴近整机核心能力，决策权和问题复杂度都明显高于普通消费电子主板岗。","1. 产品竞争力：押 `SoC` 平台型硬件而不是普通板卡开发，是因为 Kinbot 要卖的是“聪明、流畅、稳定”的整机体验，端侧智能底座一旦不稳，所有上层能力都会掉档。
2. 架构理念：当前架构强调 `AI-native Team` 和端侧自洽，`SoC` 方向是把算法、应用、连接器和运行时能力真正收敛到统一平台，而不是让硬件沦为被动承载层。
3. 技术路线：选择平台化主板与接口治理路线，而不是为单次样机做一次性堆料板，是因为我们需要支撑 `SoC + MCU` 两芯片主线、后续版本复用和量产收敛。
4. 市场财务成功：这条路线有利于形成高端感知、缩短版本迭代周期、控制 BOM 和后续机型开发成本，支撑产品和财务双重成功。","1. 当前已有 3 人。
2. 计划配置 5 人。",刘志刚,刘志刚,李清,按需设置,高,高,中高,"1. 当前 JD 已比较完整，但目标公司在原表中缺失，已补齐建议名单。
2. 招聘承接人和状态仍为空，招聘执行侧需要同步补齐。
3. 建议继续保持 SoC 主板方向的命名，避免与底盘硬件岗位混淆。
4. 根据 Step 43，该岗位属于主链支撑位，应在优先级 1 之后尽快补齐，但不与最高优先级岗位争抢节奏。"
现有需求优化,原始 CSV 第 4 行,S1 本体平台与运动 / NPI 产品导入,硬件研发部,NPI产品导入部,聂博文,高级硬件工程师-底盘（本体SE方向）,1,P5-1,硬件开发序列,"1. 合肥。
2. 苏州。
3. 深圳。",1. 需较多出差调研交流供应商。,5,1,刘志刚,待补充,待补充,"职责：
1. 作为本体 SE 牵头机器人底盘与运动系统总体方案设计，统筹电路、结构、电气和关键器件选型的系统协同。
2. 主导底盘控制板和运动硬件架构设计，覆盖 MCU、驱动、电源、传感器、执行机构及关键接口约束。
3. 牵头跨团队推进底盘硬件、结构、电气和控制方案收敛，把系统约束前置到样机和试产阶段。
4. 建立并拓展底盘相关行业资源和供应商资源，推动创新方案导入并形成项目资源优势。
5. 输出 BOM、测试策略、认证支持和量产导入资料，对底盘方向的进度、质量和工程可落地性负责。
任职要求：
1. 具备 8 年以上机器人、运动控制或复杂智能硬件经验，做过底盘或整机级系统方案 owner。
2. 熟悉直流无刷电机、步进电机、大电流应用、电源系统和底盘控制板设计，能从系统层面对方案做取舍。
3. 具备电路、结构、电气协同能力，能承担本体 SE 角色而不是单一板卡设计角色。
4. 具备较强的供应商判断力、行业资源整合能力和跨团队推进能力。
加分项：
1. 有服务机器人、移动机器人或复杂机电一体化量产项目经验者优先。
2. 有成熟底盘平台定义、资源引入或关键供应商协同经验者优先。","1. 具备底盘或整机级系统方案 owner 经验，能从系统层面对方案负责。
2. 熟悉电机驱动、大电流应用、电源系统和底盘控制板设计。
3. 具备电路、结构、电气协同能力，能够承担本体 SE 角色。
4. 具备行业资源和供应商资源整合能力。","外招必要性：
1. 高。
核心解决问题：
1. 完成底盘硬件架构设计并提出创新实现方案。
2. 缩短底盘方案验证周期，降低运动系统稳定性和安全性风险。","1. 完成电源系统、MCU、电机驱动系统和关键传感器电路设计。
2. 完成底盘控制板首版样机调试并输出测试基线。
3. 联合结构、控制和测试团队推进底盘方案第一轮验证。","1. 云迹。
2. 猎户星空。
3. 擎朗。
4. 松灵。","1. 这不是普通硬件开发岗，而是直接站在本体 SE 视角定义底盘和运动系统方案。
2. 岗位可以同时调动电路、结构、电气和外部产业资源，对整机竞争力影响直接。
3. 有机会把行业资源、创新方案和工程落地能力真正转化为 Kinbot 的本体优势。","1. 产品竞争力：押本体 `SE` 而不是继续拆成底盘硬件、结构、电气各自为战，是因为用户最终感知的是一个完整本体是否可靠、安静、稳定，而不是某块板子是否优秀。
2. 架构理念：Kinbot 的架构不是纯软件系统，机器人本体是目标系统本身，所以必须有人从系统层面对本体成果负责，而不是让跨专业问题在边界处失控。
3. 技术路线：选择“系统方案 owner + 跨专业协同 + 资源整合”路线，而不是单点器件优化路线，是因为一代要先解决整机可信与量产收敛，再追求局部性能极值。
4. 市场财务成功：更强的本体一致性会直接提升高端产品感、降低试产与售后风险、提高供应链质量与议价能力，是产品成功和财务成功的共同抓手。","1. 当前现有人数待补充。
2. 建议该方向至少配置 1 名高阶专家和 1 名执行工程师，形成方案与落地双保险。
3. 该岗位承担本体 SE 角色，覆盖电路、结构、电气协同。",刘志刚,刘志刚,李清,按需设置,中高,高,高,"1. 已按你的要求把岗位从普通底盘硬件工程师抬升为高阶专家/本体 SE 角色。
2. 岗位要求明确提高到系统方案 owner、资源整合和跨专业协同层级。
3. 招聘执行字段仍需继续补齐。
4. 根据 Step 43，该岗位进入当前团队构建最高优先级，需要按最早到岗窗口推进。"
用户补充需求,用户补充需求 2026-04-01,S1 本体平台与运动 / NPI 产品导入,硬件研发部,NPI产品导入部,聂博文,高级结构工程师,1,P4-1,结构开发序列,"1. 合肥。
2. 苏州。
3. 深圳。",1. 需每月出差 1 到 2 次，每次 2 到 5 天，用于样机装配、外协加工跟进、供应商评审和试产问题闭环。,6,2,刘志刚,待补充,待补充,"职责：
1. 负责机器人本体结构方案设计，覆盖传动结构系统、减速机构、密封与紧固类结构的预研、开发和迭代优化。
2. 参与 ID 评审，识别运动方式、空间布局、结构件成型和外观工艺风险，并提出可落地的结构解决方案。
3. 负责详细零部件设计和标准件选型，覆盖电机、齿轮、轴承等关键器件，并推进样机到量产阶段的结构问题闭环。
4. 与硬件、电子和测试团队协同解决 layout、装配、可靠性和工程实现问题，推动结构方案收敛。
5. 负责结构设计文件、2D 图纸、BOM、SOP 的编写归档，以及外协加工厂的技术对接和问题处理。
任职要求：
1. 具备 5 年以上机器人、智能硬件或复杂消费电子结构设计经验，有完整项目开发和量产导入经历。
2. 熟悉传动机构、减速机构、密封紧固、材料与成型工艺，能够做结构风险识别和系统取舍。
3. 具备空间布局、容差分析、DFM/DFA 和装配可靠性经验，能与 ID、硬件、电气团队高效协同。
4. 熟练使用主流结构设计工具完成 3D/2D 设计、BOM 输出和问题迭代。
加分项：
1. 有服务机器人、移动机器人或机电一体化量产项目经验者优先。
2. 有低噪声结构、轻量化设计、防尘密封或高端消费电子外观工艺经验者优先。","1. 具备机器人或复杂智能硬件结构设计经验，做过完整结构开发与量产导入。
2. 熟悉传动结构、减速机构、密封紧固、材料和成型工艺。
3. 具备空间布局、容差分析、DFM/DFA 和装配可靠性经验。
4. 能与 ID、硬件、电子和测试团队协同推动结构问题闭环。
5. 熟练使用主流结构设计工具完成 3D/2D 设计、BOM 和设计归档。","外招必要性：
1. 中高。
核心解决问题：
1. 提前识别并收敛本体传动、布局、外观工艺和装配风险，避免样机后期集中返工。
2. 建立从结构方案、详细设计到试产闭环的一体化工程能力，提升本体交付质量。","1. 完成机器人本体关键结构区域的首版空间布局和风险评估，明确传动、减速、密封和装配约束。
2. 完成核心零部件的详细设计与标准件选型，输出首版 2D、BOM 和样机装配资料。
3. 跟进首轮样机装配与外协加工问题闭环，形成下一轮结构优化方案。","1. 追觅。
2. 石头科技。
3. 科沃斯。
4. 云迹。
5. 擎朗。","1. 岗位直接参与定义 Kinbot 的本体形态、运动质感和高端产品感，不是单纯执行出图。
2. 可以同时触达传动、外观工艺、空间布局和量产结构闭环，问题复杂度高、成长完整。
3. 工作结果会直接体现在整机静音、可靠、轻盈和精致程度上，对用户感知非常直接。","1. 产品竞争力：押高级结构工程师而不是把结构继续当成下游出图支持，是因为家庭机器人最终卖的是“精致、安静、可靠、耐用”的整机感受，结构直接决定这些强感知指标。
2. 架构理念：当前架构把机器人本体视为目标系统本身，所以结构不是被动配合工业设计或电路 layout，而是本体能力、空间组织和工程可落地性的核心组成部分。
3. 技术路线：选择“传动结构 + 空间布局 + 工艺可制造性 + 试产闭环”一体化路线，而不是先画外形、后补工程细节，是因为一代要同时实现高端产品感和量产收敛。
4. 市场财务成功：更稳的结构方案会减少返工、模具反复、试产损失和售后故障，同时提升高端感知与口碑，是市场成功和财务成功的共同支点。","1. 当前本体 `SE` 方向已明确优先建设。
2. 本次补充高级结构工程师 1 人，与本体 `SE` 和底盘硬件形成结构化协同。
3. 建议后续再配置 1 名执行型结构工程师，支撑详细出图和样机迭代。",刘志刚,刘志刚,李清,按需设置,用户补充，已结构化,高,中高,"1. 用户提供了职责，但任职要求、吸引点和方向选择论证需要补齐，我已按当前招聘模板统一展开。
2. 该岗位不应被写成单纯出图或后端支持角色，而应明确承担本体高端感、工程闭环和量产结构收敛责任。
3. 执行字段如招聘承接人和状态仍待后续补齐。"
现有需求优化,原始 CSV 第 5 行,S3 多模态交互与陪伴 / S6 伴生系统与服务,终端软件研发部,系统技术研发二部,聂博文,大模型应用/Agent开发工程师,2,P3-3,嵌入式开发序列,"1. 合肥。
2. 苏州。
3. 深圳。",1. 若base地不在合肥，需每月出差1次，每次1-2周。,5,1,李昶锦,待补充,待补充,"职责：
1. 负责机器人 Agent 应用链路设计与开发，打通意图理解、工具调用、任务编排和结果反馈。
2. 负责 Prompt、RAG、工具调用、工作流编排和 API 封装等工程能力落地。
3. 与端侧应用、云服务和交互团队协同，推动机器人交互能力快速产品化。
4. 参与关键能力评测、异常处理和线上问题复盘，持续优化 Agent 可控性和稳定性。
任职要求：
1. 具备 3 年以上 AI 应用工程化经验，有 LLM、RAG 或 Agent 落地案例。
2. 熟悉主流大模型接入、Prompt 设计、工具调用和服务编排方案。
3. 具备较强工程实现能力，能把实验能力推进到稳定可交付的产品链路。
加分项：
1. 熟悉 AI 编程工具和自动化研发流程者优先。
2. 有机器人、智能终端或多模态交互产品经验者优先。","1. 有大模型应用工程化落地经验，至少完整做过一类 Agent 或 RAG 系统。
2. 熟练使用AI编程工具（Codex、Claude Code）。
3. 具备扎实的软件工程能力，能独立推动能力上线与迭代。","外招必要性：
1. 高。
核心解决问题：
1. 搭建机器人 Agent 应用框架并缩短交互能力上线周期。
2. 把大模型能力从 Demo 状态推进到可维护、可评测、可迭代的产品能力。","1. 梳理现有交互与 Agent 技术栈，完成首版应用架构设计。
2. 落地至少 1 个机器人 Agent 关键链路，包括工具调用和结果回写。
3. 补齐关键评测指标和异常处理闭环，完成至少 1 轮效果优化。","1. 字节跳动-扣子（Coze）。
2. 智谱-AutoGLM。
3. Manus。
4. 涂鸦智能。
5. 月之暗面（Kimi）。
6. MiniMax。
7. Dify。","1. 参与将最前沿的 Agent 能力（如OpenClaw）嵌入机器人主链路。
2. 可以同时触达端侧、云侧和实体设备，问题复杂度与成长斜率都更高。
3. 岗位离业务结果很近，能力上线后能快速在真实家庭场景验证效果。","1. 产品竞争力：押 `OpenClaw / Agent` 方向而不是传统功能开发，是因为 Kinbot 真正的差异化不只是“能做某个功能”，而是“能以 AI-native 方式持续长出新能力”。
2. 架构理念：当前主线已接受 `Agent` 增强平面，说明软件团队的价值不是外围工具化，而是直接参与重构系统与应用开发模式。
3. 技术路线：选择任务编排、连接器、长期记忆、受控执行这条路线，而不是只做孤立聊天或单点模型接入，是因为产品需要可治理、可交付、可复用的 Agent 能力。
4. 市场财务成功：这条路线能形成可被市场感知的智能差异、提升功能迭代效率，并为服务化、订阅化和更高 ASP 留出空间。","1. 当前已有 2 人。
2. 计划配置 4 人。",李昶锦,李昶锦,聂博文,陈立柱,高,高,高,"1. 岗位描述已基本收敛到工程化落地，不再是泛 AI 话术。
2. 招聘承接人和状态为空，后续执行信息仍需补齐。
3. 建议后续进一步区分端侧 Agent 与服务侧 Agent 的职责边界。
4. 根据 Step 43，该岗位进入当前团队构建最高优先级，需要按最早到岗窗口推进。"
现有需求优化,原始 CSV 第 6 行,S1 本体平台与运动 / S3 多模态交互与陪伴,终端软件研发部,系统技术研发二部,聂博文,Linux应用开发工程师,2,P3-3,嵌入式开发序列,"1. 合肥。
2. 苏州。
3. 深圳。",1. 若base地不在合肥，需每月出差1次，每次1周。,6,2,李昶锦,待补充,待补充,"职责：
1. 负责 Linux 平台应用层与中间件架构设计和核心模块开发。
2. 负责 SDK 与中间件组件封装，向上层业务提供稳定调用接口。
3. 负责多线程、网络通信、业务逻辑和端侧服务的开发、调试与维护。
4. 与驱动、框架、算法和交互团队联调，支撑产品功能快速迭代。
任职要求：
1. 具备 3 年以上 Linux 应用开发经验，能独立负责复杂业务模块。
2. 熟悉 C 或 C++，并具备多线程、网络通信和系统调试能力。
3. 具备较强的软件工程意识，能够兼顾性能、稳定性和接口可维护性。
加分项：
1. 熟悉 AI 编程工具和自动化研发流程者优先。
2. 有机器人、智能硬件或端侧中间件开发经验者优先。","1. 具备 Linux 应用和中间件开发经验。
2. 熟悉多线程、网络通信和系统级问题定位。
3. 熟练使用AI编程工具（Codex、Claude Code）。","外招必要性：
1. 中。
核心解决问题：
1. 补齐 Linux 应用与 SDK 开发能力，支撑产品功能迭代。
2. 避免内部转向学习成本拖慢当前项目节奏。","1. 完成关键中间件组件设计与实现，形成稳定 SDK 接口。
2. 完成 1 到 2 个核心应用模块开发并接入现有技术栈。
3. 与算法和驱动团队完成联调，支撑项目版本交付。","1. 涂鸦智能。
2. 石头科技。
3. 追觅。","1. 可参与机器人端侧应用框架和核心 SDK 的定义，而不是单纯做功能修修补补。
2. 岗位处于算法、驱动和业务之间的关键连接层，技术广度和系统视角都强。
3. 业务节奏快，功能上线后能快速在真机和真实场景验证结果。","1. 产品竞争力：押端侧应用框架与 SDK，而不是普通业务功能堆叠，是因为算法价值必须通过稳定软件中层才能转成用户可感知的真机能力。
2. 架构理念：Kinbot 强调端侧、本体、云侧协同，`Linux` 应用层正是把平台、算法和业务闭环接起来的关键中层。
3. 技术路线：选择框架化、模块化、可维护的端侧软件路线，而不是零散地写功能补丁，是因为后续要支撑大量能力接入和快速回归。
4. 市场财务成功：更稳的软件底座会提高版本可靠性和功能上线速度，减少集成返工和维护成本，提升用户留存与工程效率。","1. 当前已有 1 人。
2. 计划配置 3 人。",李昶锦,李昶锦,陈立柱,按需设置,高,高,中高,"1. 当前模板已经统一，但招聘承接人和状态为空。
2. 建议后续补一条与算法/框架团队接口边界的说明，便于筛选更偏应用层的人选。
3. 根据 Step 43，该岗位属于主链支撑位，应在优先级 1 之后尽快补齐，但不与最高优先级岗位争抢节奏。"
现有需求优化,原始 CSV 第 7 行,S6 伴生系统与服务（App 端）,终端软件研发部,系统技术研发二部,聂博文,Android应用开发工程师,1,P3-3,嵌入式开发序列,"1. 合肥。
2. 苏州。
3. 深圳。",1. 若base地不在合肥，需每月出差1次，每次1周。,9,4,李昶锦,待补充,待补充,"职责：
1. 负责 Android 客户端架构设计与核心功能开发，支撑机器人 App 端能力落地。
2. 负责账号、设备连接、消息、远程控制、内容呈现等关键模块开发与维护。
3. 与云服务、机器人端侧和交互团队协同，打通端云设备闭环体验。
4. 参与性能优化、稳定性治理和发布流程建设。
任职要求：
1. 具备 3 年以上 Android 开发经验，熟悉 Java 或 Kotlin。
2. 熟悉 Android SDK、组件化、多线程、网络通信和常见性能优化手段。
3. 具备较好的工程规范和架构设计能力。
加分项：
1. 有 IoT、智能硬件或陪伴类产品经验者优先。
2. 熟悉 AI 能力接入、流式交互或音视频能力者优先。","1. 熟悉 Java 或 Kotlin、Android SDK 与常见网络框架。
2. 能独立负责客户端核心模块和稳定性优化。
3. 熟练使用AI编程工具（Codex、Claude Code）。","外招必要性：
1. 中。
核心解决问题：
1. 补齐机器人配套 App 端能力，打通家庭成员与机器人之间的服务闭环。
2. 避免本体能力做出来但 App 端承接不住，影响整体用户价值闭环。","1. 梳理现有 Android 技术栈并完成首版客户端架构补强方案。
2. 落地 1 到 2 个核心功能模块并打通机器人端联调。
3. 补齐客户端性能与稳定性基线，形成发布前检查清单。","1. 涂鸦智能。
2. 小米。
3. 美的。
4. 科沃斯。","1. 可直接定义机器人配套 App 的核心体验，而不是做成熟业务的局部维护。
2. 岗位天然连接机器人、云服务和家庭成员三方，是服务闭环的关键入口。
3. 能在真实设备和真实用户场景中快速看到功能影响，反馈周期短。","1. 产品竞争力：押家属侧 `App` 作为服务闭环入口，而不是把它当成附属控制面板，是因为购买者、使用监督者和授权管理者很多时候并不是机器人面前的那个人。
2. 架构理念：产品系统边界已经明确包含伴生系统，`App` 不是外围附件，而是授权、通知、远程协同和服务转接的重要组成。
3. 技术路线：选择围绕家属协同、授权、运营和闭环服务的路线，而不是内容型或展示型 `App` 路线，是因为首发场景核心在养老看护闭环。
4. 市场财务成功：这会直接改善转化、信任、留存与扩单能力，并为后续服务订阅和运营效率提供载体。","1. 当前已有 1 人。
2. 计划配置 2 人。",李昶锦,李昶锦,陈立柱,按需设置,中高,高,高,"1. 当前 JD 已修正为标准 Android 岗位模板，但目标公司在原表中缺失，已补齐建议名单。
2. 招聘承接人和状态仍为空。
3. 建议后续与在招的云服务岗位一起补足端云协同描述。
4. 根据 Step 43，该岗位当前不宜与高优先级主轴争抢 HC，可延后到岗并按新方法进展复审必要性。"
用户补充需求,用户补充需求 2026-04-01,S6 伴生系统与服务（应用后端 / AI融合） / S3 多模态交互与陪伴,终端软件研发部,系统技术研发二部,聂博文,应用后端架构师,1,P4-1 / P4-2,软件开发序列,"1. 合肥。
2. 苏州。
3. 深圳。",1. 若 base 地不在合肥，需每月出差 1 次，每次 3 到 5 天，用于产品、算法、端云联调和关键技术评审。,6,2,李昶锦,待补充,待补充,"职责：
1. 负责家庭机器人应用侧整体后端架构设计与演进，建设高可扩展、高可用、可持续演进的系统结构。
2. 构建 AI 能力与业务系统的融合架构，推动大模型、多模态、语音等能力在真实业务场景中可控、可观测、可优化地落地。
3. 建设日志、监控、告警和追踪等可观测体系，推动 CI/CD、自动化测试和研发效率体系建设。
4. 对关键技术决策负责，在复杂问题中承担责任并推动问题闭环，提升团队整体技术水位。
任职要求：
1. 具备 5 年以上后端开发经验和 2 年以上架构设计经验，能从 0 到 1 设计复杂业务系统。
2. 熟悉主流后端技术栈，至少精通 Java / Go / Python 中一种，并具备扎实的分布式系统设计能力。
3. 熟悉微服务、服务治理、消息队列、缓存体系、数据库设计，以及高并发和性能优化方法。
4. 对系统稳定性、扩展性、安全性有成熟认知，并有多系统协同架构实践。
5. 对大模型工程化有实践经验或强认知，理解 Prompt 工程、Agent 框架、LLM 系统接入与 AI 工具融入研发流程的方法。
6. 责任心强、自驱力高、结果导向，能够在不确定环境中持续推进事情。
加分项：
1. 有智能硬件、机器人或多模态系统架构经验者优先。
2. 有语音交互、实时系统、平台化建设或创业核心骨干经历者优先。","1. 具备 5 年以上后端开发经验和 2 年以上复杂系统架构设计经验。
2. 精通 Java / Go / Python 至少一种，具备扎实的分布式系统设计能力。
3. 熟悉微服务、服务治理、消息队列、缓存体系、数据库设计和高并发场景优化。
4. 对系统稳定性、扩展性、安全性和多系统协同有成熟认知。
5. 对大模型工程化、Prompt、Agent 框架或 LLM 系统接入有实践或强认知。
6. 能熟练使用 `CC`、`OpenClaw` 或同类 AI 工具提升研发效率，并推动其进入研发流程。","外招必要性：
1. 高。
核心解决问题：
1. 建立“AI 能力 + 业务后端 + 可观测 / 可交付”三位一体的应用后端架构，避免能力接入停留在 Demo 层。
2. 打通机器人应用后端的稳定性、演进性和研发效率体系，支撑后续功能快速迭代与线上闭环。","1. 完成应用后端总体架构梳理，明确核心服务拆分、AI 能力接入方式和系统边界。
2. 建立日志、监控、告警、追踪和自动化交付的最小可用基线，补齐关键稳定性能力。
3. 推动至少 1 条核心 AI 业务链路完成架构重构或新建落地，并输出后续演进路线图。","1. 小米。
2. 字节跳动。
3. 美团。
4. 百度。
5. 追觅。","1. 岗位不是传统后台维护岗，而是直接定义家庭机器人应用后端和 AI 业务融合方式的核心架构位。
2. 可以同时碰到大模型、多模态、语音、业务系统和工程效率体系，技术面和业务面都很完整。
3. 工作结果会直接影响功能迭代速度、线上稳定性和真实用户体验，离产品结果很近。","1. 产品竞争力：押应用后端架构而不是只补单点后端开发，是因为 Kinbot 需要把 AI 能力真正编织进家庭服务主链，形成稳定、可持续长出新能力的产品体验，而不是零散 Demo。
2. 架构理念：当前软件主线强调 `Agent-native` 和端云一体，所以应用后端不是被动接需求的支撑层，而是业务闭环、AI 编排和服务治理的核心承载层。
3. 技术路线：选择“业务服务 + AI 接入 + 可观测 / 可治理 / 可交付”一体化路线，而不是先把模型接进去再靠人工救火，是因为真实家庭场景需要可控、可追踪、可快速迭代的系统。
4. 市场财务成功：更稳的应用后端架构能提高功能上线速度和线上质量，支撑用户留存、服务化收入和更低的线上事故与运维成本。","1. 当前云服务与运营平台架构负责人需求已单列在招。
2. 本次补充应用后端架构师 1 人，形成“平台底座 + 应用后端”双层架构。
3. 建议该方向后续配置 2 到 3 人，形成架构 owner 与核心开发组合。",李昶锦,李昶锦,聂博文,按需设置,用户补充，已结构化,高,中高,"1. 这个岗位需要与“云服务与运营平台架构负责人”显式区分，前者偏应用后端与 AI 融合，后者偏平台底座与运行基础设施。
2. 我已按现有模板补齐职责、要求、吸引点和方向选择论证。
3. 执行字段如招聘承接人和状态仍待后续补齐。"
现有需求优化,原始 CSV 第 12 行,S2 人体感知与健康 / S1 本体感知,终端软件研发部,系统技术研发三部,聂博文,感知算法工程师-3D视觉,1,P3-3,研究算法序列,"1. 合肥。
2. 苏州。",1. 每月3-5天，主要是集中评审和真机联调。,8,3,于周顺泽,待补充,待补充,"职责：
1. 负责双目深度估计与 3D 视觉感知算法研发，支撑障碍物检测与环境理解。
2. 负责静态和动态障碍物检测能力落地，并处理弱纹理、反光等复杂家居场景。
3. 推动算法在目标平台上的实时部署和性能优化。
4. 与规控和测试团队协同，建立量化评测基线。
任职要求：
1. 具备 3 年以上 3D 视觉或计算机视觉工程经验。
2. 精通双目立体视觉原理、深度估计算法和相机成像模型。
3. 熟练使用 C++、Python、OpenCV、Eigen 等工程工具。
加分项：
1. 有端侧部署优化经验者优先。
2. 有复杂家居场景障碍物检测经验者优先。","1. 精通双目立体视觉和深度估计算法。
2. 熟悉相机成像原理、镜头畸变和标定模型。
3. 具备目标平台部署优化和性能调优能力。","外招必要性：
1. 高。
核心解决问题：
1. 实现端侧实时双目深度恢复，用于障碍物检测。
2. 补齐复杂家庭场景下的感知精度、召回率和部署效率。","1. 跑通双目深度估计基础流程并输出深度图质量和帧率基线。
2. 完成静态与动态障碍物检测能力在真实家居场景下的验证。
3. 完成至少 1 个高价值环境特征识别能力的部署优化。","1. 卓驭。
2. 留形科技。
3. INDEMIND。","1. 算法结果直接决定机器人是否看得懂、躲得开，技术价值非常直观。
2. 能够在真实家居环境中快速验证模型效果。
3. 有机会同时做算法创新与端侧部署优化。","1. 产品竞争力：保留 `3D` 视觉而不是继续扩一批经典视觉细分岗，是因为纯视觉主线下，真正决定体验的是“看懂场景、识别障碍、处理复杂光学条件”的核心能力。
2. 架构理念：Kinbot 一代明确不靠昂贵主动传感器做 fallback，所以视觉感知必须成为产品级能力，而不是实验室能力。
3. 技术路线：选择把 `3D` 视觉作为经典路线支点，而不是继续重仓几何子方向扩编，是因为当前更需要它作为前瞻具身智能路线的配合与托底。
4. 市场财务成功：这一方向有助于在控制硬件成本的同时保证可感知安全性和可靠性，减少事故、售后与传感器堆料压力。","1. 当前已有 1 人。
2. 本次计划新增 1 人。
3. 该方向作为经典算法路线中的视觉感知支点持续建设。",于周顺泽,于周顺泽,聂博文,按需设置,中高,高,高,"1. 由于视觉定位岗位已删除，人数口径已同步收敛到当前经典算法路线配置。
2. 该岗位继续作为经典算法路线中的 3D 视觉核心岗位保留。
3. 根据 Step 43，该岗位属于经典路线或支撑路线补位，是否继续扩招需结合前瞻路线进展滚动复审。"
现有需求优化,原始 CSV 第 13 行,S1 本体平台与运动 / S4 世界状态与决策,终端软件研发部,系统技术研发三部,聂博文,规控算法工程师-运动规划,1,P4-1,研究算法序列,"1. 合肥。
2. 苏州。",1. 每月3-5天，主要是集中评审和真机联调。,9,4,于周顺泽,待补充,待补充,"职责：
1. 负责头部与底盘协同轨迹规划，生成符合家庭场景约束的平滑运动轨迹。
2. 负责速度曲线优化、动态避障、回充导航和脱困策略设计。
3. 接入感知、定位和安全约束输入，形成可执行的运动规划方案。
4. 建立平滑性、舒适性和导航成功率等量化评测指标。
任职要求：
1. 具备 3 年以上机器人运动规划或导航规划经验。
2. 精通全局和局部路径规划算法，并理解轮式机器人运动学约束。
3. 具备多执行器协同规划经验，能兼顾可行性、舒适性和安全性。
加分项：
1. 有云台与底盘或机械臂与底盘协同经验者优先。
2. 有家庭服务机器人或移动机器人真机经验者优先。","1. 精通全局与局部路径规划算法并能结合场景调优。
2. 具备底盘运动学建模能力并理解动力学限制。
3. 具备多自由度或多执行器协同规划经验。","外招必要性：
1. 高。
核心解决问题：
1. 解决强人机交互场景下机器人运动更拟人、更舒适的问题。
2. 补齐动态避障、回充、脱困等运动主链能力。","1. 接入感知和 SLAM 实际数据，在真实家居场景实现动态避障导航。
2. 完成头部与底盘协同轨迹规划核心框架，并覆盖至少 2 类典型场景。
3. 完成回充导航和脱困策略基础流程，输出量化评估指标。","1. 追觅。
2. 云迹。
3. 大疆。","1. 直接影响机器人在家庭中的运动自然度、安全性和陪伴体验。
2. 岗位既有算法挑战，也有真机联调和整机体验优化空间。
3. 能够真实定义“机器人像不像一个可靠的家庭成员”中的运动部分。","1. 产品竞争力：保留运动规划但降低优先级，是因为产品需要自然、安全的移动体验，但当前胜负手不在“导航比赛式领先”，而在整机闭环是否成立。
2. 架构理念：运动规划在架构里应服务于本体平台和世界状态调度，而不是反过来主导整机资源分配。
3. 技术路线：选择“作为经典路线补位和安全体验增强”而不是“作为当前主攻方向”，是因为前瞻具身智能路线和本体 SE 更接近当下的组织主轴。
4. 市场财务成功：这样能在保持基础运动体验的同时避免过早重仓局部最优，减少研发资源错配，让投入更集中到真正能拉开市场差距的方向。","1. 当前已有 2 人。
2. 计划配置 4 人。",于周顺泽,于周顺泽/王仁祥,聂博文,谢信珍,高,高,高,"1. 岗位目标和试用期验收已经很清楚，属于当前表中质量较高的 JD。
2. 招聘承接人和状态仍为空。
3. 根据 Step 43，该岗位当前不宜与高优先级主轴争抢 HC，可延后到岗并按新方法进展复审必要性。"
现有需求优化,原始 CSV 第 14 行,S4 世界状态与决策 / S5 安全合规授权,终端软件研发部,系统技术研发三部,聂博文,规控算法工程师-行为规划,1,P4-1,研究算法序列,"1. 合肥。
2. 苏州。",1. 每月3-5天，主要是集中评审和真机联调。,9,4,于周顺泽,待补充,待补充,"职责：
1. 负责行为树或状态机框架选型、搭建和维护，作为任务编排基础设施。
2. 负责任务级调度逻辑设计，管理巡逻、找用户、回充、待机等任务优先级和切换逻辑。
3. 设计安全事件触发后的暂停、重试、放弃和恢复流程，保证状态一致性。
4. 统一接收并标准化 VLN、业务任务和交互意图等外部输入。
任职要求：
1. 具备 3 年以上机器人决策系统开发经验，熟悉行为树或状态机设计。
2. 具备严谨的逻辑设计能力，能覆盖边界条件和异常组合。
3. 有行为树框架使用和二次开发经验，理解复杂任务调度系统。
加分项：
1. 有安全决策、异常恢复或任务编排经验者优先。
2. 有长期状态建模或世界状态管理经验者优先。","1. 具备机器人任务调度或行为树开发经验。
2. 具备严谨逻辑设计能力，能系统性处理异常和恢复条件。
3. 有实际行为树框架使用和二次开发经验。","外招必要性：
1. 高。
核心解决问题：
1. 基于长期世界记忆实现任务行为编排系统。
2. 把安全事件、任务调度和状态恢复逻辑真正落到系统里。","1. 完成行为树框架与状态机基础设计，明确状态定义和转换条件。
2. 打通至少 1 条从任务输入到执行状态回写的完整链路。
3. 完成安全事件触发下的暂停、恢复和放弃逻辑原型验证。","1. 追觅。
2. 云迹。
3. 大疆。","1. 岗位直连机器人“怎么思考、如何做决定”的核心能力，而不是外围策略微调。
2. 可以把行为树、状态机和安全恢复流程真正做成产品主链基础设施。
3. 对未来 S4 owner 路径有明确成长空间。","1. 产品竞争力：保留行为规划但不把它放在最高优先级，是因为行为层价值要建立在世界状态、权限安全和 Agent 执行能力之上，单独拉高优先级会造成中层先行、上下一体不足。
2. 架构理念：当前架构强调 `S4` 与 `S5`、`S3` 协同，行为规划必须是世界状态与安全门之间的执行层，而不是自成体系的局部大脑。
3. 技术路线：选择把它作为前瞻路线的配合位和传统方法的组织位，而不是当前最核心押注，是因为我们更希望先确定前瞻智能路线的主导权。
4. 市场财务成功：这样有利于避免重复建设和规则体系膨胀，把资源投向更能形成差异化智能体验和长期复用价值的方向。","1. 当前该大类岗位已有 2 人。
2. 计划总计补至 4 人。
3. 建议其中行为规划方向新增 1 人。",于周顺泽,于周顺泽/王仁祥,聂博文,谢信珍,中高,高,高,"1. 岗位方向已拆清，但团队人数信息在原表中缺失，已补充建议口径。
2. 招聘承接人和状态仍为空。
3. 建议后续补一句与在岗 S4 负责人的配合边界。
4. 根据 Step 43，该岗位当前不宜与高优先级主轴争抢 HC，可延后到岗并按新方法进展复审必要性。"
现有需求优化,原始 CSV 第 15 行,S1 本体平台与运动,终端软件研发部,系统技术研发三部,聂博文,高级嵌入式工程师-运动控制,1,P4-1,嵌入式开发序列,"1. 合肥。
2. 苏州。
3. 深圳。",1. 若base地不在合肥，需每月出差1次，每次1周。,6,2,王传杰,待补充,待补充,"职责：
1. 负责家庭机器人底层 MCU 软件架构与核心模块开发，覆盖运动控制和设备管理。
2. 负责电机控制算法优化、多传感器融合和上位机协同通信架构设计。
3. 主导整机联调、复杂问题定位和系统稳定性优化。
4. 推动底层控制方案沉淀为可复用的工程能力。
任职要求：
1. 本科及以上学历，具备 5 年以上嵌入式开发经验。
2. 熟悉 STM32、GD32、NXP RT 等平台并做过完整量产项目。
3. 精通 C/C++、电机控制和复杂系统调试。
加分项：
1. 有 FOC、电机控制算法优化经验者优先。
2. 有机器人或多传感器复杂系统调试经验者优先。","1. 精通 C/C++ 并具备软件架构设计能力。
2. 熟悉电机控制和常见控制算法。
3. 有机器人、多传感器系统或复杂系统调试经验。","外招必要性：
1. 高。
核心解决问题：
1. 完成整机控制架构与关键模块开发。
2. 优化电机控制和多自由度协同控制，提升稳定性和可复用性。","1. 完成底层控制架构梳理并明确关键技术债清单。
2. 攻克至少 1 个核心控制难点并推动整机性能达标。
3. 完成一轮整机稳定性验证并沉淀可复用方案。","1. 追觅。
2. 宇树。
3. 大疆。
4. 汇川技术。","1. 岗位直接掌控机器人底层控制核心，对整机体验和稳定性影响极大。
2. 可以同时接触控制算法、嵌入式架构和整机联调，技术纵深很完整。
3. 有机会定义下一阶段机器人控制底座。","1. 产品竞争力：押高阶嵌入式运动控制而不是泛嵌入式开发，是因为机器人是否顺滑、稳定、可信，最终会在底层控制品质上被用户直接感知。
2. 架构理念：本体平台是核心主链，运动控制属于把世界状态、规划结果转成真实动作的关键执行面，不能当普通设备驱动处理。
3. 技术路线：选择控制架构和平台化能力建设，而不是只做单轮调参式开发，是因为后续要面对多工况、量产一致性和平台复用。
4. 市场财务成功：这会直接改善动作品质、降低故障率和返修率，并提升后续机型复用效率与整体盈利能力。","1. 当前已有 2 人。
2. 计划配置 4 人。",王传杰,王传杰,聂博文,陈立柱,高,高,高,"1. 岗位主链价值表达已经足够强，当前主要缺招聘执行信息。
2. 建议后续补一条与新增电机控制岗位的分工说明，避免候选人误解职责重叠。
3. 根据 Step 43，该岗位属于主链支撑位，应在优先级 1 之后尽快补齐，但不与最高优先级岗位争抢节奏。"
现有需求优化,原始 CSV 第 16 行,S1 本体平台与运动,终端软件研发部,系统技术研发三部,王传杰,MCU开发工程师,2,P3-2,嵌入式开发序列,"1. 合肥。
2. 苏州。
3. 深圳。",1. 若base地不在合肥，需每月出差1次，每次1周。,8,3,王传杰,待补充,待补充,"职责：
1. 参与家庭机器人底层 MCU 软件开发，覆盖运动控制基础功能和设备管理。
2. 负责常见外设、传感器与通信接口驱动开发。
3. 参与电机控制基础能力实现和整机联调问题定位。
4. 支撑底层平台稳定迭代和量产问题闭环。
任职要求：
1. 本科及以上学历，具备 2 年以上嵌入式开发经验。
2. 熟悉 STM32、GD32 等 MCU 平台开发。
3. 熟练使用 C 语言并具备基础驱动开发能力。
加分项：
1. 有电机控制或传感器项目经验者优先。
2. 有机器人或复杂设备联调经验者优先。","1. 熟悉 STM32、GD32 等 MCU 开发。
2. 熟练使用 C 语言并具备驱动开发能力。
3. 熟悉电机控制或传感器应用者优先。","外招必要性：
1. 中。
核心解决问题：
1. 补齐底层驱动与设备管理开发力量。
2. 提升底层问题响应速度，减轻资深嵌入式工程师负担。","1. 完成至少 1 类关键外设或传感器驱动开发并通过联调验证。
2. 完成 1 个基础电机控制或设备管理模块交付。
3. 参与整机联调并独立定位解决至少 1 类底层问题。","1. 追觅。
2. 美的。
3. 汇川技术。","1. 可以直接进入机器人底层控制主链，而不是停留在单一 MCU 外设开发。
2. 岗位能快速积累设备管理、驱动开发和整机联调三类经验。
3. 对后续成长为高级嵌入式或控制架构方向有清晰路径。","1. 产品竞争力：保留 `MCU` 开发，是因为两芯片路线下实时控制、设备管理和安全执行不能完全压到主控 `SoC` 上。
2. 架构理念：当前架构强调“端侧智能 + 实时控制分层”，`MCU` 是保证系统反应确定性和安全边界的关键层，而不是边角配套。
3. 技术路线：选择清晰的实时分层和设备抽象，而不是把所有逻辑堆进主控，是因为量产机器人必须同时兼顾实时性、复杂度和可维护性。
4. 市场财务成功：该方向能降低系统复杂度和故障扩散风险，减少调试与维护成本，支撑更稳定的交付和更可控的成本结构。","1. 当前现有人数待补充。
2. 建议该方向至少配置 2 至 3 人，形成驱动、联调和稳定性闭环。",王传杰,王传杰,陈立柱,按需设置,中高,高,中高,"1. 原表未给出团队人数，已补充建议配置口径。
2. 招聘承接人和状态仍为空。
3. 建议后续补充与高级嵌入式和电机控制岗位的协作边界。
4. 根据 Step 43，该岗位属于经典路线或支撑路线补位，是否继续扩招需结合前瞻路线进展滚动复审。"
现有需求优化,原始 CSV 第 17 行,S1 本体平台与运动,终端软件研发部,系统技术研发三部,王传杰,高级电机控制软件工程师,1,P4-1,嵌入式开发序列,"1. 合肥。
2. 苏州。
3. 深圳。",1. 若base地不在合肥，需每月出差1次，每次1周。,6,2,王传杰,待补充,待补充,"职责：
1. 负责在 MCU 平台上完成机器人关节控制软件架构设计、模块划分与核心控制链路实现。
2. 负责调试器、观测器、参数配置等关键工具链设计，提升控制系统调试效率。
3. 与嵌入式工程师协同优化软件平台和硬件平台，提升在不同主控上的复用能力。
4. 负责波形分析、调试软件等配套工具开发，支撑关节控制问题定位与性能优化。
任职要求：
1. 本科及以上学历，机械、电气、自动化或相关专业，具备 5 年以上相关经验。
2. 具有工业伺服、机器人关节或智能汽车控制器等至少一类控制系统开发经历。
3. 熟悉常见通信方案、电机控制算法与运行效率优化方法，具备系统级工程实现能力。
加分项：
1. 有多主控平台适配经验者优先。
2. 有调试工具链或波形分析工具开发经验者优先。","1. 具备工业伺服、机器人关节或智能汽车控制器开发经历。
2. 熟悉通信方案、电机控制算法和运行效率优化。
3. 能够独立完成控制软件架构设计与调试工具建设。","外招必要性：
1. 高。
核心解决问题：
1. 把伺服控制从架构到设计细节做成可复用能力，而不是停留在单点调参。
2. 让关节控制软件在整机场景下形成系统性优势，支撑后续平台复用。","1. 完成关节控制软件架构梳理并输出模块划分与接口方案。
2. 完成关键调试器、观测器或参数工具链设计，并在目标 MCU 平台跑通。
3. 联合嵌入式与硬件团队完成至少一轮关节控制性能验证，沉淀可复用架构方案。","1. 汇川技术。
2. 埃斯顿。
3. 禾川。
4. 步科。
5. 巨一自动化。
6. 阳光电源。
7. 零差云控。
8. 达闼。","1. 直接定义机器人关节伺服控制的软件架构，而不是只调单点参数。
2. 可以把工业伺服或汽车控制经验迁移到机器人本体，问题复杂度和技术挑战都更高。
3. 岗位紧贴整机性能上限，对动作稳定性、响应速度和平台复用能力影响直接。","1. 产品竞争力：押电机控制软件而不是只做机械或器件升级，是因为静音、平顺、精准的动作体验会直接决定机器人是否像高端产品。
2. 架构理念：本体是产品本身，执行机构的软件控制质量与结构设计同等重要，不能被视为下游实现细节。
3. 技术路线：选择控制软件架构和平台化调参能力，而不是一次性把参数调到能跑，是因为需要兼顾量产一致性、能效和多场景表现。
4. 市场财务成功：这有利于提升高端感、降低噪声与磨损、延长寿命并减少售后，是用户价值和财务价值同时成立的方向。","1. 当前已有 1 人。
2. 计划配置 2 人。",王传杰,王传杰,陈立柱,按需设置,中,高,弱,"1. 原表 JD 仍是“职责/要求”混排，且缺少加分项，已统一改写为标准模板。
2. 试用期任务为空，无法支撑阶段验收，已补齐。
3. 原表吸引点仍是通用 AI 话术，和电机控制候选人不匹配，已改成控制域话术。
4. 根据 Step 43，该岗位属于主链支撑位，应在优先级 1 之后尽快补齐，但不与最高优先级岗位争抢节奏。"
现有需求优化,原始 CSV 第 18 行,S1 本体平台与运动,终端软件研发部,系统技术研发三部,王传杰,电机控制算法工程师,1,P3-2,嵌入式开发序列,"1. 合肥。
2. 苏州。
3. 深圳。",1. 若base地不在合肥，需每月出差1次，每次1周。,8,3,王传杰,待补充,待补充,"职责：
1. 负责机器人关节电机控制算法开发、测试、优化与工程化落地。
2. 负责 PMSM FOC 控制链路、参数辨识、惯量辨识和关键性能指标优化。
3. 协同机械、嵌入式和系统团队推进关节性能优化与整机联调。
4. 负责控制算法在目标 MCU 平台上的验证、问题定位和持续改进。
任职要求：
1. 硕士及以上学历，机械电子、电气工程、自动化或计算机相关专业，具备 2 年以上相关经验。
2. 精通 PMSM 电机 FOC 控制算法，熟悉电角度辨识、参数辨识和惯量辨识方法。
3. 熟悉机械臂或机器人关节控制需求，具备 MCU 平台开发和测试脚本编写能力。
加分项：
1. 了解 EtherCAT、EIP、CANopen 等工业以太网协议者优先。
2. 有机器人关节优化或整机关节调试经验者优先。","1. 精通 PMSM 电机 FOC 控制算法以及电角度、参数、惯量辨识方法。
2. 熟悉机器人关节控制需求和电机控制模型，有关节优化开发经验。
3. 熟悉 STM32、GD32 等 MCU 平台开发，并具备测试验证能力。","外招必要性：
1. 高。
核心解决问题：
1. 解决关节扭矩估计精度、运行平稳性和极限性能等关键指标。
2. 补齐机器人关节控制算法的专项攻关能力，支撑整机运动性能提升。","1. 在目标 MCU 平台上跑通 PMSM FOC 控制链路和关键参数辨识流程。
2. 完成关节扭矩估计、平稳性和极限性能的基线优化，并输出量化结果。
3. 联合机械和嵌入式团队完成至少一轮关节性能优化闭环。","1. 汇川技术。
2. 埃斯顿。
3. 禾川。
4. 步科。
5. 巨一自动化。
6. 阳光电源。
7. 零差云控。
8. 达闼。","1. 直接攻关机器人关节控制的核心性能指标，而不是做外围软件封装。
2. 算法效果能在真实关节和整机动作上快速体现，反馈周期短。
3. 岗位同时覆盖控制算法、MCU 工程实现和整机联调，成长路径完整。","1. 产品竞争力：保留电机控制算法，是为了继续提升动作效率、精度和复杂工况表现，但它当前不是最高优先级，因为必须建立在控制软件与本体平台稳定之后。
2. 架构理念：该岗位更适合作为执行层性能强化位，而不是架构主导位，避免在系统底座未稳前过早追求局部最优。
3. 技术路线：选择“算法强化 + 与控制软件协同”路线，而不是单独拉起一条重算法路线，是因为当前更需要执行品质的稳步爬坡。
4. 市场财务成功：这有助于用算法释放硬件潜力、优化能耗和动作质感，但以补位方式推进更符合资源效率和投入产出比。","1. 当前已有 0 人。
2. 计划配置 1 人。",王传杰,王传杰,陈立柱,按需设置,中,高,弱,"1. 原表 JD 还是旧式混排模板，已统一收敛到标准 JD 结构。
2. 试用期任务为空，已补齐阶段交付项。
3. 原表吸引点仍是通用 AI 表述，无法有效吸引电机控制候选人，已重写。
4. 根据 Step 43，该岗位属于经典路线或支撑路线补位，是否继续扩招需结合前瞻路线进展滚动复审。"
用户补充需求,用户补充需求 2026-03-29,系统集成、测试与质量,系统集成、测试与质量团队,系统集成测试方向,待补充,系统集成测试负责人,1,P4-2,测试序列,"1. 合肥。
2. 苏州。
3. 深圳。",1. 每月出差 1 到 2 次，每次 3 到 5 天，用于端云本体联调、样机验证和试点支持。,5,1,待补充,待补充,待补充,"职责：
1. 负责本体、端侧、云侧、App 和服务链路的系统集成测试规划与执行闭环。
2. 负责 SIL、HIL、E2E 方案设计，建设关键场景测试矩阵、回归策略和版本准入门槛。
3. 牵头故障注入、问题归因和跨团队缺陷闭环，推动联调问题前置暴露和快速收敛。
4. 支撑试点阶段质量闭环、问题复现机制和关键可靠性指标达标。
任职要求：
1. 具备 5 年以上复杂软硬件系统测试或集成经验，其中至少 2 年承担测试 owner 或集成负责人角色。
2. 熟悉机器人或智能硬件的端云本体联调、SIL、HIL、E2E 和可靠性测试方法。
3. 具备较强的场景设计、故障注入、问题归因和跨团队推进能力。
加分项：
1. 有家庭机器人、服务机器人或复杂智能硬件项目经验者优先。
2. 有试点质量闭环或自动化测试体系建设经验者优先。","1. 具备复杂软硬件系统联调和测试体系搭建能力。
2. 熟悉 SIL、HIL、E2E、可靠性和故障注入测试方法。
3. 能够跨研发团队推动问题归因、回归和质量收敛。","外招必要性：
1. 高。
核心解决问题：
1. 把系统集成问题从项目后段拉回到方案和版本阶段，避免 Alpha 或 EVT 阶段集中爆发。
2. 建立端云本体联调、试点质量闭环和版本准入门槛。","1. 完成首版端云本体关键场景测试矩阵和版本准入清单。
2. 牵头完成 1 轮关键链路联调，建立缺陷归因和回归机制。
3. 输出试点阶段高风险问题清单和质量收敛计划。","1. 追觅。
2. 石头科技。
3. 科沃斯。
4. 大疆。","1. 岗位不是末端验收角色，而是直接定义整机交付质量门槛。
2. 能够系统性接触本体、端侧、云侧和 App 的完整链路，问题复杂度高且影响面大。
3. 工作结果直接决定版本能否稳定交付，对项目节奏和产品成败影响非常直接。","1. 产品竞争力：押系统集成测试负责人而不是继续让测试后置，是因为机器人卖的是整机闭环，任何子模块优秀都不能替代系统级稳定交付。
2. 架构理念：当前组织强调测试前置进入架构和方案阶段，这个岗位本质上是产品成功的质量 owner，而不是验收工位管理员。
3. 技术路线：选择端、本体、云、App 一体化验证路线，而不是分别测试后再碰运气集成，是因为家庭机器人场景长尾和跨域耦合极重。
4. 市场财务成功：首批试点稳定性、低事故率和可复现问题闭环，直接决定市场信任、复购扩单和售后成本。","1. 当前已有内部负责人承接。
2. 本次补充外招 1 人。
3. 建议与自动化测试和质量工程成员形成集成验证小组。",待补充,待补充,待补充,按需设置,用户补充，已结构化,高,中高,"1. 用户只提出了补充岗位方向，执行侧字段如对接人、上级和面试官仍待补齐。
2. 已按团队规划中系统集成、测试与质量团队职责边界补成标准模板。
3. 根据 Step 43，该岗位进入当前团队构建最高优先级，需要按最早到岗窗口推进。"
用户补充需求,用户补充需求 2026-03-29,S1 本体平台与运动 / 系统集成、测试与质量,终端软件研发部,系统技术研发三部,王传杰,系统软件工程师-传感器方向,1,P3-3,嵌入式开发序列,"1. 合肥。
2. 苏州。
3. 深圳。",1. 若 base 地不在合肥，需每月出差 1 次，每次 1 周，用于真机联调、标定和测试环境搭建。,5,1,王传杰,待补充,待补充,"职责：
1. 负责主控与 MCU 之间的通信协议对接和通道维护，保证指令下发和数据上报的稳定性与实时性。
2. 搭建并维护传感器数据链路，完成 MCU 上报数据的解析、分发和模块侧接入，确保 SLAM、安全决策和运动规划获得准确输入。
3. 负责多传感器时间同步，覆盖双目帧、IMU 采样和轮式里程计的时间对齐，满足 SLAM 精度要求。
4. 建设全栈标定体系，统一负责双目内外参、相机与 IMU 外参、相机与底盘外参等标定工具链和标准流程。
5. 负责传感器健康管理，建设在线状态监控、数据质量检查和异常告警机制。
6. 搭建基础测试框架、台架测试环境以及日志采集、录包回放体系，支持问题复现和数据分析。
任职要求：
1. 具备 2 年以上机器人或嵌入式系统的传感器集成、系统工程或系统软件开发经验。
2. 熟悉双目相机、IMU、轮式编码器等常见传感器原理和接口协议，具备实际集成调试经验。
3. 熟悉串口、CAN、SPI、I2C 等硬件通信协议，有 MCU 通信对接经验。
4. 具备传感器标定实际经验，至少熟悉相机标定或相机与 IMU 联合标定的一类方法。
5. 熟悉多传感器时间同步原理与方法，能够处理硬件触发、软件时间戳和对齐问题。
6. 熟练使用 C++ 和 Python，熟悉 Protobuf、FlatBuffers 等数据序列化协议。
7. 具备日志系统搭建和数据管道设计经验。
加分项：
1. 有机器人量产项目中的传感器集成和标定体系经验者优先。
2. 有自动化测试框架搭建经验者优先，如 gtest、pytest、ROS test。
3. 熟悉 ROS 或 ROS2 体系者优先。","1. 具备机器人或嵌入式系统的传感器集成与系统工程经验。
2. 熟悉双目相机、IMU、编码器等传感器接入、通信协议和时间同步机制。
3. 具备标定、日志录包回放和数据管道建设能力。
4. 熟练使用 C++、Python 以及常见数据序列化协议。","外招必要性：
1. 高。
核心解决问题：
1. 为 JQR 运动系统搭建和维护稳定的传感器数据链路、标定体系和基础测试环境。
2. 保证 SLAM、安全决策、运动规划等算法模块获得准确、及时、可靠的传感器输入。","1. 完成主控与 MCU 通信链路梳理并跑通核心传感器数据管道。
2. 完成双目、IMU、里程计的时间同步和至少 1 条关键标定链路工具化落地。
3. 搭建首版录包回放、传感器健康监控和基础台架测试环境，支撑问题复现。","1. 追觅。
2. 大疆。
3. 科沃斯。
4. INDEMIND。","1. 岗位处在传感器、算法和整机之间的关键边界层，几乎所有运动与决策能力都会依赖这条链路。
2. 能够同时做通信、时间同步、标定、日志和测试环境，系统视角很完整。
3. 工作结果会直接体现在 SLAM、运动规划和安全决策的稳定性上，价值非常直观。","1. 产品竞争力：押传感器链路、同步、标定和日志体系，而不是单纯再加算法人头，是因为很多“算法不行”的问题本质上是数据输入不准、不稳、不可复现。
2. 架构理念：世界状态、导航、安全决策都建立在传感器公共底座上，这个岗位实际上是多个团队共享的系统边界 owner。
3. 技术路线：选择数据链路、时间同步、标定和健康管理这条基础设施路线，而不是把问题都留给下游模型消化，是因为一代纯视觉主线更依赖输入质量。
4. 市场财务成功：更稳的数据底座会显著降低联调成本、现场排障成本和生产标定成本，同时提升用户对“聪明且可靠”的感知。","1. 当前现有人数待补充。
2. 本次计划新增 1 人。
3. 建议与视觉定位、3D 视觉、运动规划形成传感器链路小组。",王传杰,王传杰,聂博文,陈立柱,用户补充，已结构化,高,中高,"1. 用户提供的职责和技能信息已很完整，已按现有 CSV 模板结构化落表。
2. 执行字段如招聘承接人、状态和团队现状人数仍需后续补齐。
3. 根据 Step 43，该岗位进入当前团队构建最高优先级，需要按最早到岗窗口推进。"
现有需求优化,原始 CSV 第 8-10 行合并,S4 世界状态与决策 / S2 人体感知与健康,终端软件研发部,系统技术研发三部,聂博文,具身智能算法工程师（VLN / 强化学习 / 视觉 / 世界模型方向）,5,P3-3 / P4-1,研究算法序列,"1. 合肥。
2. 苏州。
3. 深圳。",1. 每月 1 次，每次 2 到 3 天，用于技术评审、真机测试和路线验证。,5,1,周雨澄,待补充,待补充,"职责：
1. 围绕 Kinbot 具身智能主线，负责 VLN、具身视觉、强化学习、VLM/VLA 以及世界模型等方向的算法研发与工程化落地。
2. 参与构建从感知、导航、决策到世界状态建模的统一技术框架，推动前瞻方法在真实家庭场景中验证。
3. 负责多模态模型、策略模型和前瞻世界模型相关能力的训练、微调、部署和效果评测。
4. 与经典算法路线协同推进产品竞争力建设，在竞争和配合中持续寻找更优的技术路径。
5. 跟踪并复现前沿具身智能技术，形成可落地的系统性方法而不是单点论文能力。
任职要求：
1. 硕士及以上学历，具备 3 年以上具身智能、多模态算法、机器人导航或决策系统研发经验。
2. 熟悉 Transformer、VLM、VLA、VLN、强化学习或世界模型等至少两个方向，并具备实际工程经验。
3. 精通 PyTorch，具备较强的工程实现能力，能够推动模型在真实系统中落地。
4. 具备强烈的探索欲、学习能力和创造力，能够在前瞻方向上主动开路，而不是只做跟随式实现。
加分项：
1. 有机器人真机部署经验者优先。
2. 有世界模型、长期记忆、任务规划或具身基础模型相关经验者优先。
3. 有高质量论文、开源贡献或主导前沿技术落地经验者优先。","1. 熟悉 VLM、VLA、VLN、强化学习或世界模型等具身智能关键技术方向。
2. 精通 PyTorch，具备从训练、微调到部署的完整工程能力。
3. 具备把前瞻技术与真实产品问题结合的能力，能够形成产品层面的技术竞争力。
4. 学习能力快、探索欲强、创造力好，能在不确定性高的方向上持续推进。","外招必要性：
1. 高。
核心解决问题：
1. 把 VLN、强化学习、具身视觉和世界模型等前瞻方向收敛为一条具身智能路线，形成真正面向产品的技术竞争力。
2. 与经典算法路线形成竞争与协同，避免团队只堆方向而不形成产品优势。
3. 为 Kinbot 在导航、世界状态和未来演进能力上建立长期技术护城河。","1. 完成具身智能大类岗位的技术方向拆解和候选人画像收敛，明确短中期重点突破点。
2. 在 VLN、具身视觉、世界模型或强化学习中至少落地 1 个高价值原型，并给出真实场景评测结果。
3. 与经典算法路线建立接口和评测机制，形成“竞争但可比较、协同且可落地”的技术推进方式。","1. 银河通用。
2. 高德。
3. 上海 AI Lab。
4. 北京智源。
5. 阿里达摩院。","1. 岗位不是被固定在单一窄方向，而是直接参与 Kinbot 具身智能主线的竞争力建设。
2. 可以同时接触 VLN、强化学习、具身视觉和世界模型等前瞻方向，技术上限高、空间大。
3. 团队希望引入真正有探索欲、创造力和产品意识的人，而不是只会复现论文的人。","1. 产品竞争力：押具身智能大类而不是继续把岗位切碎或只守经典几何 / 规则路线，是因为 Kinbot 需要真正拉开代际差异的智能上限，而不是只做工程跟随。
2. 架构理念：当前架构已经把 `World State`、任务编排、Agent 增强平面和多尺度 OODA 作为主线，这天然要求一条能把模型、数据和世界状态联系起来的前瞻路线。
3. 技术路线：选择 `VLN / 强化学习 / 视觉 / 世界模型` 合并招聘，而不是各自零散招人，是为了形成统一的探索梯队，在竞争中寻找更优主线，而不是被早期组织切分束缚。
4. 市场财务成功：如果这条路线跑通，产品会拥有真正可感知的差异化智能体验，支撑更高定价、更强品牌心智和更少对硬件堆料的依赖。","1. 当前已有 2 人。
2. 计划总计 7 人。
3. 本次外招 5 人，统一按具身智能大类口径招聘。",周雨澄,周雨澄,聂博文,谢信珍,高,高,高,"1. 已按你的要求把 3 个具身智能岗位合并成一个大类，避免方向切得过碎。
2. 新的 JD 明确增加了世界模型等前瞻技术要求，并把“产品竞争力”写成招聘目标。
3. 对“年轻优秀人才”的诉求已转译为高学习能力、强探索欲和创造力，避免把年龄写成硬门槛。
4. 根据 Step 43，该岗位进入当前团队构建最高优先级，需要按最早到岗窗口推进。"
